<?xml version="1.0" encoding="UTF-8"?>
<project-private xmlns="http://www.netbeans.org/ns/project-private/1">
    <editor-bookmarks xmlns="http://www.netbeans.org/ns/editor-bookmarks/2" lastBookmarkId="0"/>
    <open-files xmlns="http://www.netbeans.org/ns/projectui-open-files/2">
        <group>
            <file>file:/Users/alessandrotola/Desktop/Facoltà/AMM/Lab/prova/src/java/Servlet/Login.java</file>
            <file>file:/Users/alessandrotola/Desktop/Facoltà/AMM/Lab/prova/web/jspSupporto/tabella.jsp</file>
            <file>file:/Users/alessandrotola/Desktop/Facoltà/AMM/Lab/prova/src/java/Servlet/CompraProdotto.java</file>
            <file>file:/Users/alessandrotola/Desktop/Facoltà/AMM/Lab/prova/web/ProdottoAcquistato.jsp</file>
            <file>file:/Users/alessandrotola/Desktop/Facoltà/AMM/Lab/prova/src/java/Servlet/RegistraProdotto.java</file>
        </group>
    </open-files>
</project-private>
